Report ID,Report Version,Reporting Entity,Report Type,Report Month,Report Year,Report Submission Date,VIN,VIN - Unknown,Serial Number,Make,Model,Model - Unknown,Model Year,Model Year - Unknown,Same Vehicle ID,Mileage,Mileage - Unknown,Driver / Operator Type,ADAS/ADS System Version,ADAS/ADS System Version - Unk,ADAS/ADS System Version CBI,ADAS/ADS Hardware Version,ADAS/ADS Hardware Version - Unk,ADAS/ADS Hardware Version CBI,ADAS/ADS Software Version,ADAS/ADS Software Version - Unk,ADAS/ADS Software Version CBI,Other Reporting Entities?,Other Reporting Entities? - Unk,Other Reporting Entities? - NA,Federal Regulatory Exemption?,Other Federal Reg. Exemption,Federal Reg. Exemption - Unk,Federal Reg. Exemption - No,State or Local Permit?,State or Local Permit,ADS Equipped?,Automation System Engaged?,Operating Entity,Operating Entity - Unknown,Source - Complaint/Claim,Source - Telematics,Source - Law Enforcement,Source - Field Report,Source - Testing,Source - Media,Source - Other,Source - Other Text,Incident Date,Incident Date - Unknown,Notice Received Date,Incident Time (24:00),Incident Time - Unknown,Same Incident ID,Latitude,Latitude - Unknown,Longitude,Longitude - Unknown,Address,Address - Unknown,City,City - Unknown,State,Zip Code,Zip Code - Unknown,Roadway Type,Roadway Surface,Roadway Description,Posted Speed Limit (MPH),Posted Speed Limit - Unknown,Lighting,Weather - Clear,Weather - Snow,Weather - Cloudy,Weather - Fog/Smoke,Weather - Rain,Weather - Severe Wind,Weather - Unknown,Weather - Other,Weather - Other Text,Crash With,Highest Injury Severity Alleged,Property Damage?,CP Pre-Crash Movement,CP Any Air Bags Deployed?,CP Was Vehicle Towed?,CP Contact Area - Rear Left,CP Contact Area - Left,CP Contact Area - Front Left,CP Contact Area - Rear,CP Contact Area - Top,CP Contact Area - Front,CP Contact Area - Rear Right,CP Contact Area - Right,CP Contact Area - Front Right,CP Contact Area - Bottom,CP Contact Area - Unknown,SV Pre-Crash Movement,SV Any Air Bags Deployed?,SV Was Vehicle Towed?,SV Were All Passengers Belted?,SV Precrash Speed (MPH),SV Pre-crash Speed - Unknown,SV Contact Area - Rear Left,SV Contact Area - Left,SV Contact Area - Front Left,SV Contact Area - Rear,SV Contact Area - Top,SV Contact Area - Front,SV Contact Area - Rear Right,SV Contact Area - Right,SV Contact Area - Front Right,SV Contact Area - Bottom,SV Contact Area - Unknown,Data Availability - EDR,Data Availability - Police Rpt,Data Availability - Telematics,Data Availability - Complaints,Data Availability - Video,Data Availability - Other,Data Availability - No Data,Data Availability - Unknown,Law Enforcement Investigating?,Investigating Agency,Investigating Agency - Unknown,Rep Ent Or Mfr Investigating?,Investigating Officer Name,Inv. Officer Name - Unknown,Investigating Officer Phone,Inv. Officer Phone - Unknown,Investigating Officer Email,Inv. Officer Email - Unknown,Within ODD?,Within ODD? - CBI,Narrative,Narrative - CBI?
30413-8305,1,May Mobility,Monthly,7,2024,AUG-2024,5TDYRKEC3PS, ,N/A,Toyota,Siennaa, ,2022, ,02898e6342da9fa,10326, ,In-Vehicle (Commercial / Test),3, , ,3, , ,3, , ,, ,Y,,, ,Y,No,,Yes,ADS,May Mobility, , , , ,Y, , , ,,JUL-2024, ,JUL-2024,08:40, ,21c0dd086884a6c,[MAY CONTAIN PERSONALLY IDENTIFIABLE INFORMATION], ,[MAY CONTAIN PERSONALLY IDENTIFIABLE INFORMATION], ,[MAY CONTAIN PERSONALLY IDENTIFIABLE INFORMATION], ,Miami, ,FL ,[MAY CONTAIN PERSONALLY IDENTIFIABLE INFORMATION], ,Street,Dry,No Unusual Conditions,30, ,Daylight,Y, , , , , , , ,,Van,No Injuries Reported,No,Proceeding Straight,No,No, , , , , ,Y, , , , , ,Stopped,No,No,Yes,0, , , , ,Y, , , , , , , , ,Y, , , , , , ,No,, ,No,, ,, ,, ,Yes, ,"May vehicle was waiting at the red light of [XXX] and [XXX]. The May vehicle was stopped and was 2nd behind the stop line. The van behind the May vehicle was also stopped. Van driver removed their foot from the brake pedal, idling into the May vehicle at a low rate of speed.",
30490-8091,1,"Beep, Inc.",Monthly,6,2024,JUL-2024,1L90LL124KT, ,N/A,Local Motors (LOCM),Olli 2.0 Shuttle, ,2020, ,3233ad5b9942f58,7394, ,"Other, see Narrative","[REDACTED, MAY CONTAIN CONFIDENTIAL BUSINESS INFORMATION]", ,Y,"[REDACTED, MAY CONTAIN CONFIDENTIAL BUSINESS INFORMATION]", ,Y,"[REDACTED, MAY CONTAIN CONFIDENTIAL BUSINESS INFORMATION]", ,Y,Oxbotica, , ,Part 591 Exemption granted by permission letter from NHTSA,, , ,No,,Yes,ADS,"Beep, Inc", , , , ,Y, , , ,,JUN-2024, ,JUN-2024,13:57, ,92b7354aa48b3bd,[MAY CONTAIN PERSONALLY IDENTIFIABLE INFORMATION], ,[MAY CONTAIN PERSONALLY IDENTIFIABLE INFORMATION], ,[MAY CONTAIN PERSONALLY IDENTIFIABLE INFORMATION], ,Jacksonville, ,FL ,[MAY CONTAIN PERSONALLY IDENTIFIABLE INFORMATION], ,Parking Lot,Dry,No Unusual Conditions,15, ,Daylight,Y, , , , , , , ,,Van,No Injuries Reported,No,Backing,No,No, , , , , , ,Y, , , , ,Stopped,No,No,"No, see Narrative",0, , , , , , , , , ,Y, , , ,Y,Y, ,Y,Y, , ,Yes,JACKSONVILLE SHERIFF'S OFFICE, ,Yes,[MAY CONTAIN PERSONALLY IDENTIFIABLE INFORMATION], ,[MAY CONTAIN PERSONALLY IDENTIFIABLE INFORMATION], ,[MAY CONTAIN PERSONALLY IDENTIFIABLE INFORMATION], ,"[REDACTED, MAY CONTAIN CONFIDENTIAL BUSINESS INFORMATION]",Y,"At approximately 1:57 PM EDT on June [XXX], 2024, the Beep-operated Olli 2.0 shuttle with VIN 1L90LL124KT[XXX] (Olli 2.05) was involved in a minor, non-injury collision with a commercial vehicle. While navigating through a parking lot on the [XXX] of [XXX] campus, the shuttle encountered a commercial vehicle (van) backing out of a parking space. The shuttle came to a complete stop under autonomous control. While the shuttle was stopped in its lane on the designated route, the commercial vehicle continued to back out of the parking space, subsequently making light contact with the shuttle. The commercial vehicle left the scene without stopping. There were no passengers onboard at the time of the incident. 
[REDACTED, MAY CONTAIN CONFIDENTIAL BUSINESS INFORMATION]",Y
33475-8060,1,Oxbotica,Monthly,6,2024,JUL-2024,1L90LL124KT, ,N/A,Local Motors,Olli 2.0, ,,Y,3233ad5b9942f58,,Y,In-Vehicle (Commercial / Test),"[REDACTED, MAY CONTAIN CONFIDENTIAL BUSINESS INFORMATION]", ,Y,"[REDACTED, MAY CONTAIN CONFIDENTIAL BUSINESS INFORMATION]", ,Y,"[REDACTED, MAY CONTAIN CONFIDENTIAL BUSINESS INFORMATION]", ,Y,"Beep, Inc.", , ,Part 591 Exemption granted by permission letter from NHTSA,, , ,No,,Yes,ADS,"Beep, Inc.", , , , ,Y, , ,Y,Notification from operator (Beep),JUN-2024, ,JUN-2024,13:51, ,92b7354aa48b3bd,[MAY CONTAIN PERSONALLY IDENTIFIABLE INFORMATION], ,[MAY CONTAIN PERSONALLY IDENTIFIABLE INFORMATION], ,[MAY CONTAIN PERSONALLY IDENTIFIABLE INFORMATION], ,Jacksonville, ,FL ,[MAY CONTAIN PERSONALLY IDENTIFIABLE INFORMATION], ,Parking Lot,Dry,No Unusual Conditions,15, ,Daylight, , ,Y, , , , , ,,Van,No Injuries Reported,No,Backing,No,No, , , , , , ,Y, , , , ,Stopped,No,No,No Passengers in Vehicle,0, , , , , , , , , ,Y, , , , ,Y, ,Y, , , ,Unknown,,Y,Yes,,Y,,Y,,Y,"[REDACTED, MAY CONTAIN CONFIDENTIAL BUSINESS INFORMATION]",Y,"[REDACTED, MAY CONTAIN CONFIDENTIAL BUSINESS INFORMATION]",Y
30413-7704,1,May Mobility,Monthly,4,2024,MAY-2024,5TDYRKEC7PS, ,N/A,Toyota,Sienna, ,2022, ,edae6220ea28192,8838, ,In-Vehicle (Commercial / Test),3, , ,3, , ,3, , ,, ,Y,,, ,Y,No,,Yes,ADS,May Mobility, , , , ,Y, , , ,,APR-2024, ,APR-2024,11:35, ,6cc2c65c334671d,[MAY CONTAIN PERSONALLY IDENTIFIABLE INFORMATION], ,[MAY CONTAIN PERSONALLY IDENTIFIABLE INFORMATION], ,[MAY CONTAIN PERSONALLY IDENTIFIABLE INFORMATION], ,Miami, ,FL ,[MAY CONTAIN PERSONALLY IDENTIFIABLE INFORMATION], ,Intersection,Dry,"Other, see Narrative",30, ,Daylight,Y, , , , , , , ,,Van,No Injuries Reported,No,Making Left Turn,No,No, , ,Y, , , , , , , , ,Proceeding Straight,No,No,Yes,5, ,Y, , , , , , , , , , , ,Y, , , , , , ,No,, ,No,, ,, ,, ,Yes, ,"The May vehicle was traveling through an intersection with a van in the oncoming left turn lane. As the May vehicle enters the intersection, the van creeps towards its turn.  Predicting that the two will get too close, the May vehicle elects to stop hard. As vehicle is coming to a stop in the stop-hard policy, the turning van fails to respond in time and collides with the rear left corner of the vehicle.
In the new software, deploying within the next month, agent-proximity has been replaced with agent-clearance. Performing resimulations of the incident with the latest branch verifies that this issue does not persist.",
30270-6883,1,Waymo LLC,5-Day,,,DEC-2023,SADHW2S16M1, ,N/A,Jaguar,I-Pace, ,2021, ,539ccc1f53d0028,96115, ,None,5th Generation ADS, , ,5th Generation ADS, , ,Version 8, , ,, ,Y,,, ,Y,Yes (specify below),ADOT,Yes,ADS,Waymo LLC, , ,Y, , , , , ,,DEC-2023, ,DEC-2023,16:51, ,b06da15f7810658,[MAY CONTAIN PERSONALLY IDENTIFIABLE INFORMATION], ,[MAY CONTAIN PERSONALLY IDENTIFIABLE INFORMATION], ,[MAY CONTAIN PERSONALLY IDENTIFIABLE INFORMATION], ,Scottsdale, ,AZ ,[MAY CONTAIN PERSONALLY IDENTIFIABLE INFORMATION], ,Intersection,Dry,No Unusual Conditions,40, ,Daylight,Y, , , , , , , ,,Van,Minor,Yes,Making Left Turn,No,No, , ,Y, , , , , , , , ,Stopped,No,Yes,Yes,0, , , , ,Y, , , , , , , , , ,Y, ,Y,Y, , ,Unknown,,Y,Yes,,Y,,Y,,Y,Yes, ,"On December [XXX], 2023 at 3:51 PM PT a Waymo Autonomous Vehicle (Waymo AV) operating in Scottsdale, Arizona was in a collision involving a van on [XXX] at [XXX].
The Waymo AV was stopped for a red light in a dedicated left turn lane on southbound [XXX] at  [XXX], preparing to make a left turn onto eastbound [XXX]. At this intersection, this traffic light had four bulbs, with the bottom-most bulb being both a green and yellow bulb for a protected left sequence. When the bottom bulb turned green for a protected left, the two vehicles in front of the Waymo AV proceeded, and as the Waymo AV approached, the traffic light began to change sequence to become an unprotected left turn, with the green arrow bulb turning to a yellow arrow. The Waymo AV braked and came to a stop past the crosswalk, but before entering the intersection (as defined in Arizona). As the Waymo AV came to a stop, a van approached from behind and made contact with the rear of the Waymo AV. At the time of the impact, the Waymo AVs Level 4 ADS was engaged in autonomous mode. Both vehicles sustained damage, and the passenger in the Waymo AV reported a minor injury. 
Waymo is reporting this crash under Request No. 1 of Standing General Order 2021-01 because a vehicle involved was towed away. Waymo may supplement or correct its reporting with additional information as it may become available.",
30270-6664,1,Waymo LLC,Monthly,10,2023,NOV-2023,SADHW2S14M1, ,N/A,Jaguar,I-Pace, ,2021, ,09f6e9bd642f040,82124, ,None,5th Generation, , ,5th Generation, , ,Version 8, , ,, ,Y,,, ,Y,Yes (specify below),ADOT						,Yes,ADS,Waymo LLC, , ,Y, , , , , ,,OCT-2023, ,OCT-2023,18:02, ,77012ffc07d558c,[MAY CONTAIN PERSONALLY IDENTIFIABLE INFORMATION], ,[MAY CONTAIN PERSONALLY IDENTIFIABLE INFORMATION], ,[MAY CONTAIN PERSONALLY IDENTIFIABLE INFORMATION], ,Phoenix, ,AZ ,[MAY CONTAIN PERSONALLY IDENTIFIABLE INFORMATION], ,Parking Lot,Dry,No Unusual Conditions,15, ,Dawn / Dusk,Y, , , , , , , ,,Van,No Injuries Reported,Yes,Proceeding Straight,No,No, , , , , , , ,Y, , , ,Stopped,No,No,No Passengers in Vehicle,0, ,Y, , , , , , , , , , , , ,Y, ,Y,Y, , ,No,, ,Yes,, ,, ,, ,Yes, ,"On October [XXX], 2023 at 6:02 PM PT a Waymo Autonomous Vehicle (Waymo AV) operating in Phoenix, Arizona was in a collision involving a shuttle van in a parking lot at [XXX]. 
The Waymo AV was stopped in the parking lot at [XXX] when a shuttle van passed the Waymo AV. As the van was passing behind the Waymo AV, the right side of the van made contact with the rear left corner of the Waymo AV. At the time of the impact, the Waymo AVs Level 4 ADS was engaged in autonomous mode. The Waymo AV sustained damage.
Waymo is reporting this crash under Request No. 2 of Standing General Order 2021-01.",
30270-5591,1,Waymo LLC,Monthly,4,2023,MAY-2023,SADHW2S10M1, ,N/A,Jaguar,I-PACE, ,2021, ,751464043310771,48606, ,None,5th Generation ADS, , ,5th Generation, , ,Version 7, , ,, ,Y,,, ,Y,Yes (specify below),ADOT,Yes,ADS,Waymo LLC, , ,Y, , , , , ,,APR-2023, ,APR-2023,8:02, ,182efd0e7948c2d,[MAY CONTAIN PERSONALLY IDENTIFIABLE INFORMATION], ,[MAY CONTAIN PERSONALLY IDENTIFIABLE INFORMATION], ,[MAY CONTAIN PERSONALLY IDENTIFIABLE INFORMATION], ,Phoenix, ,AZ ,[MAY CONTAIN PERSONALLY IDENTIFIABLE INFORMATION], ,Intersection,Dry,No Unusual Conditions,35, ,Daylight,Y, , , , , , , ,,Van,No Injuries Reported,Yes,Proceeding Straight,No,No, , ,Y, , ,Y, , , , , ,Proceeding Straight,No,No,Yes,1, , , , ,Y, , , , , , , , , ,Y, ,Y,Y, , ,Unknown,,Y,Yes,,Y,,Y,,Y,Yes, ,"On April [XXX], 2023 at 8:02 AM PT a Waymo Autonomous Vehicle (Waymo AV) operating in Phoenix, Arizona was in a collision involving a van on [XXX] at [XXX]. 
The Waymo AV was traveling northbound on [XXX] in the leftmost lane as it was approaching the intersection with [XXX]. The signal for traffic proceeding north on [XXX] was yellow as the Waymo AV approached the intersection. The Waymo AV slowed, preparing to stop, and a van traveling directly behind the Waymo AV then made contact with the rear of the Waymo AV. At the time of the impact, the Waymo AVs Level 4 ADS was engaged in autonomous mode. Both the Waymo AV and the van sustained damage.  
Waymo is reporting this crash under Request No. 2 of Standing General Order 2021-01. Waymo may supplement or correct its reporting with additional information as it may become available.",
30270-2465,2,Waymo LLC,10-Day Update,,,MAR-2022,SADHW2S18M1, ,N/A,Jaguar,I-Pace, ,2021, ,04f736aacb7513d,30534, ,In-Vehicle (Commercial / Test),5th Generation ADS, , ,, , ,, , ,, , ,,, , ,,,Yes,ADS,Waymo LLC, , ,Y, , , , , ,,MAR-2022, ,MAR-2022,21:39, ,810ff5231ba3d6d,[MAY CONTAIN PERSONALLY IDENTIFIABLE INFORMATION], ,[MAY CONTAIN PERSONALLY IDENTIFIABLE INFORMATION], ,[MAY CONTAIN PERSONALLY IDENTIFIABLE INFORMATION], ,Phoenix, ,AZ ,[MAY CONTAIN PERSONALLY IDENTIFIABLE INFORMATION], ,Intersection,Dry,No Unusual Conditions,35, ,Dark - Lighted,Y, , , , , , , ,,Van,No Injuries Reported,Yes,Proceeding Straight,Yes,Yes, , ,Y, , ,Y, , ,Y, , ,Stopped,No,Yes,Yes,0, ,Y, , ,Y, , ,Y, , , , , , ,Y, ,Y,Y, , ,Yes,Phoenix Police Department, ,Yes,[MAY CONTAIN PERSONALLY IDENTIFIABLE INFORMATION], ,,Y,,Y,Yes, ,"The content of this report is unchanged from the initial report submitted on March [XXX], 2022 [Report ID # 30270-2465-1]. 
On March [XXX], 2022 at 9:39 PM PST a Waymo Autonomous Vehicle ('Waymo AV') operating in Phoenix, AZ was in a collision involving a van on N. [XXX] at [XXX]. 
The Waymo AV was stopped at a red light on southbound N. [XXX] when a van behind the Waymo AV failed to stop and made contact with the rear bumper of the Waymo AV. At the time of the impact, the Waymo AV's Level 4 ADS was engaged in autonomous mode, and a test driver was present (in the driver's seating position). The van and Waymo AV sustained moderate damage.
Waymo is reporting this crash under Request No. 1 of Standing General Order 2021-01 because a vehicle involved was towed away. Waymo may supplement or correct its reporting with additional information as it may become available. This report was submitted from the Pacific time zone on the required date.",
30270-2465,1,Waymo LLC,1-Day,,,MAR-2022,SADHW2S18M1, ,N/A,Jaguar,I-Pace, ,2021, ,04f736aacb7513d,30534, ,In-Vehicle (Commercial / Test),5th Generation ADS, , ,, , ,, , ,, , ,,, , ,,,Yes,ADS,Waymo LLC, , ,Y, , , , , ,,MAR-2022, ,MAR-2022,21:39, ,810ff5231ba3d6d,[MAY CONTAIN PERSONALLY IDENTIFIABLE INFORMATION], ,[MAY CONTAIN PERSONALLY IDENTIFIABLE INFORMATION], ,[MAY CONTAIN PERSONALLY IDENTIFIABLE INFORMATION], ,Phoenix, ,AZ ,[MAY CONTAIN PERSONALLY IDENTIFIABLE INFORMATION], ,Intersection,Dry,No Unusual Conditions,35, ,Dark - Lighted,Y, , , , , , , ,,Van,No Injuries Reported,Yes,Proceeding Straight,Yes,Yes, , ,Y, , ,Y, , ,Y, , ,Stopped,No,Yes,Yes,0, ,Y, , ,Y, , ,Y, , , , , , ,Y, ,Y,Y, , ,Yes,Phoenix Police Department, ,Yes,[MAY CONTAIN PERSONALLY IDENTIFIABLE INFORMATION], ,,Y,,Y,Yes, ,"On March [XXX], 2022 at 9:39 PM PST a Waymo Autonomous Vehicle ('Waymo AV') operating in Phoenix, AZ was in a collision involving a van on N. [XXX] at [XXX]. 
The Waymo AV was stopped at a red light on southbound N. [XXX] when a van behind the Waymo AV failed to stop and made contact with the rear bumper of the Waymo AV. At the time of the impact, the Waymo AV's Level 4 ADS was engaged in autonomous mode, and a test driver was present (in the driver's seating position). The van and Waymo AV sustained moderate damage.
Waymo is reporting this crash under Request No. 1 of Standing General Order 2021-01 because a vehicle involved was towed away. Waymo may supplement or correct its reporting with additional information as it may become available. This report was submitted from the Pacific time zone on the required date.",